student_id,course_level,quiz_introduction,quiz_representation,quiz_training,quiz_adaptation,hw1,hw2,hw3,milestone1,milestone2,milestone3,final_exam
C01,UG,,9.0,9.0,9.0,95.0,97.0,100.0,92.0,97.0,96.0,28.0
C02,UG,9.0,9.0,9.0,9.0,99.0,97.0,100.0,92.0,96.0,97.0,29.75
C03,UG,8.0,9.0,6.0,7.0,99.0,97.0,98.0,91.0,98.0,99.0,29.0
C04,UG,8.0,9.0,8.0,0.0,98.0,97.0,100.0,91.0,100.0,100.0,30.0
C05,UG,8.0,9.0,8.0,9.0,88.0,92.0,100.0,82.0,97.0,95.0,21.75
C06,UG,9.0,9.0,8.0,8.0,100.0,98.0,99.0,87.0,99.0,100.0,30.0
C07,UG,8.0,7.0,8.0,7.0,93.0,93.0,95.0,80.0,68.0,100.0,22.5
C08,UG,8.0,8.0,9.0,9.0,95.0,0.0,100.0,91.0,94.0,97.0,28.0
C09,UG,8.0,9.0,8.0,8.0,86.0,100.0,100.0,93.0,97.0,100.0,27.0
C10,UG,9.0,9.0,9.0,9.0,100.0,93.0,100.0,92.0,100.0,99.0,30.0
C11,UG,8.0,9.0,9.0,9.0,95.0,85.0,93.0,92.0,94.0,99.0,27.0
C12,UG,9.0,9.0,9.0,7.0,97.0,93.0,94.0,91.0,99.0,100.0,25.0
C13,UG,9.0,9.0,8.0,9.0,100.0,94.0,100.0,91.0,92.0,98.0,27.75
C14,UG,9.0,9.0,6.0,9.0,98.0,93.0,91.0,92.0,95.0,92.0,27.75
C15,UG,9.0,9.0,9.0,9.0,97.0,99.0,89.0,96.0,95.0,97.0,
C16,UG,9.0,8.0,8.0,9.0,88.0,100.0,97.0,95.0,100.0,100.0,28.75
C17,UG,9.0,9.0,9.0,9.0,100.0,100.0,100.0,94.0,97.0,98.0,28.0
C18,UG,9.0,8.0,5.0,6.0,71.0,98.0,0.0,83.0,97.0,95.0,24.0
C19,UG,9.0,9.0,9.0,9.0,99.0,90.0,97.0,86.0,100.0,99.0,15.0
C20,UG,8.0,9.0,8.0,8.0,81.0,95.0,0.0,81.0,95.0,100.0,29.0
C21,UG,9.0,8.0,8.0,8.0,86.0,96.0,98.0,89.0,93.0,98.0,26.0
C22,UG,6.5,6.0,7.0,4.0,75.0,67.0,95.0,88.0,95.0,99.0,24.75
C23,UG,9.0,9.0,7.0,7.0,77.0,100.0,95.0,91.0,99.0,86.0,23.75
C24,UG,,8.0,5.0,9.0,100.0,97.0,97.0,95.0,98.0,98.0,27.0
C25,UG,8.0,8.0,9.0,6.0,95.0,90.0,96.0,91.0,97.0,97.0,25.75
C26,GR,7.0,9.0,9.0,9.0,100.0,96.0,100.0,97.0,95.0,98.0,30.0
C27,GR,7.5,9.0,9.0,9.0,100.0,99.0,84.0,95.0,98.0,89.0,30.0
C28,GR,9.0,9.0,5.0,9.0,100.0,98.0,97.0,94.0,100.0,100.0,25.0
C29,GR,9.0,7.0,8.0,9.0,100.0,91.0,98.0,80.0,95.0,98.0,22.5
C30,GR,9.0,9.0,9.0,9.0,100.0,96.0,79.0,91.0,93.0,93.0,30.0
C31,GR,9.0,9.0,9.0,9.0,100.0,99.0,91.0,90.0,95.0,100.0,29.0
C32,GR,9.0,9.0,8.0,9.0,100.0,99.0,91.0,92.0,97.0,87.0,30.0
C33,GR,9.0,9.0,8.0,9.0,100.0,100.0,100.0,85.0,100.0,99.0,30.0
C34,GR,9.0,9.0,7.0,9.0,100.0,98.0,96.0,85.0,100.0,100.0,29.0
C35,GR,9.0,9.0,9.0,9.0,100.0,99.0,100.0,92.0,100.0,100.0,29.0
C36,GR,9.0,9.0,8.0,9.0,100.0,95.0,88.0,88.0,87.0,94.0,27.0
C37,GR,9.0,9.0,9.0,8.0,98.0,99.0,100.0,84.0,93.0,100.0,30.0
C38,GR,,9.0,9.0,9.0,85.0,95.0,97.0,84.0,92.0,97.0,29.75
C39,GR,9.0,9.0,9.0,8.0,100.0,100.0,100.0,98.0,100.0,100.0,30.0
C40,GR,7.0,9.0,9.0,9.0,100.0,90.0,95.0,84.0,97.0,95.0,24.5
C41,GR,8.0,0.0,0.0,3.0,100.0,91.0,90.0,70.0,90.0,90.0,30.0
C42,GR,9.0,9.0,9.0,9.0,100.0,99.0,100.0,99.0,100.0,100.0,30.0
C43,GR,,9.0,9.0,9.0,100.0,95.0,100.0,92.0,96.0,100.0,29.75
C44,GR,8.0,9.0,6.0,9.0,100.0,94.0,100.0,98.0,99.0,100.0,27.75
C45,GR,8.0,9.0,7.0,9.0,100.0,94.0,95.0,93.0,96.0,100.0,23.75
C46,GR,8.5,9.0,9.0,9.0,100.0,98.0,100.0,99.0,100.0,100.0,28.0
C47,GR,9.0,9.0,9.0,9.0,100.0,96.0,99.0,90.0,83.0,100.0,29.75
C48,GR,9.0,,9.0,9.0,98.0,100.0,97.0,94.0,99.0,100.0,30.0
C49,GR,9.0,9.0,8.0,9.0,95.0,98.0,100.0,96.0,100.0,100.0,30.0
