respondent_id,course_level,acad_level,prior_llm,prior_ml,core_1,core_2,core_3,core_4,core_5,core_6,core_7,core_8,core_9,core_10,core_11,before_1,before_2,before_3,before_4,before_5,now_1,now_2,now_3,now_4,now_5,diff_1,diff_2,diff_3,diff_4,diff_5,diff_6
S01,GR,3,2,3,3,3,3,3,3,1,3,3,2,3,3,1,1,1,1,2,3,3,3,3,3,3,3,3,1,,3
S02,GR,3,2,2,3,3,3,3,3,3,3,3,3,3,3,1,1,1,1,1,3,3,3,3,2,3,3,3,2,2,3
S03,GR,3,3,3,3,3,3,3,3,3,3,3,3,3,3,2,2,2,2,2,3,3,3,3,3,3,3,3,2,2,3
S04,UG,2,3,2,3,2,3,3,3,2,3,3,3,3,3,1,1,2,1,2,3,2,2,3,3,2,3,2,3,2,
S05,GR,3,2,2,3,3,3,3,3,3,2,3,3,3,3,1,1,1,1,1,3,2,3,3,3,3,3,2,1,,3
S06,UG,2,2,3,3,3,3,2,2,,3,3,3,2,3,1,1,2,1,1,3,3,3,3,2,3,3,3,2,3,
S07,GR,3,3,3,3,3,2,3,3,3,3,3,2,2,3,1,1,2,1,2,2,3,2,2,3,2,3,3,2,,3
S08,,,,,,,,,,,,,,,,,,,,,,,,,,,,,,,
S09,GR,3,2,3,3,3,3,3,3,2,3,3,3,3,2,1,2,2,1,1,3,3,3,2,2,3,3,3,1,,3
S10,GR,3,2,3,3,3,3,3,3,3,2,2,3,3,3,2,2,2,1,2,3,3,3,3,3,3,3,3,3,3,3
S11,UG,2,2,3,3,3,3,3,3,3,3,3,3,3,3,1,1,1,1,1,2,2,2,2,2,3,3,3,3,3,3
S12,UG,2,2,2,3,3,3,3,3,3,3,3,3,3,3,2,1,2,1,1,3,2,3,3,3,3,3,3,3,3,
S13,GR,3,1,1,3,3,3,3,3,3,3,3,3,3,3,1,1,1,1,1,3,3,3,3,3,3,3,3,1,,3
S14,GR,3,2,3,3,3,3,3,3,3,3,3,3,3,3,1,2,2,2,1,3,3,3,,3,3,3,3,1,,3
S15,UG,2,2,4,3,3,3,3,3,3,3,3,3,3,3,1,1,1,1,1,3,3,3,3,3,3,3,3,1,3,2
S16,UG,2,2,3,3,3,3,3,3,3,3,3,3,3,3,1,1,2,1,1,3,3,3,3,3,3,3,3,1,3,
S17,GR,3,2,3,3,3,3,3,3,3,2,3,3,3,3,1,1,1,1,1,2,2,3,3,2,3,3,3,1,3,2
S18,UG,1,1,1,3,3,3,3,3,3,1,3,2,3,3,1,1,1,1,1,3,2,2,2,1,3,3,3,3,3,2
S19,UG,1,2,2,3,3,3,3,2,2,2,3,3,2,3,2,1,1,1,2,3,2,3,2,3,3,2,2,3,3,
S20,GR,3,2,3,3,3,3,3,3,3,2,2,2,2,2,2,2,2,2,2,3,3,3,3,2,2,3,3,3,3,3
S21,UG,2,2,2,3,3,3,3,3,3,3,3,3,3,3,1,1,1,1,1,3,3,3,3,3,3,3,3,3,3,
S22,GR,3,2,4,3,3,3,3,3,3,3,3,3,3,3,1,1,1,1,1,3,3,3,3,3,3,3,3,1,,3
S23,GR,3,1,3,3,3,3,3,3,3,3,3,3,3,3,1,1,1,1,1,3,3,3,3,2,3,3,3,2,2,3
S24,GR,3,1,2,3,3,3,3,3,3,3,3,3,3,3,1,1,1,1,1,3,3,3,3,3,2,2,2,3,2,3
S25,GR,3,1,1,3,3,3,3,3,3,3,3,3,3,3,1,1,1,1,1,3,3,2,3,2,3,3,3,1,,3
S26,GR,3,3,3,2,3,2,3,2,1,3,3,2,3,1,2,2,2,2,1,2,2,2,3,2,1,2,3,2,,1
S27,UG,2,2,2,3,3,3,3,3,3,3,3,3,3,3,1,1,1,1,1,3,2,3,2,2,2,3,3,3,3,
S28,UG,2,2,2,3,3,3,3,3,3,2,3,3,3,3,1,1,1,2,1,3,3,3,3,3,3,3,3,1,3,
S29,UG,2,1,1,3,3,3,3,3,3,3,3,3,3,3,1,1,1,1,1,3,3,3,3,3,3,3,3,2,3,
S30,GR,3,1,3,3,3,3,3,3,2,3,3,2,3,3,1,1,1,1,1,3,3,3,3,2,3,3,3,1,,3
S31,GR,3,3,3,3,3,3,3,3,2,2,3,3,3,3,1,1,2,2,2,3,3,3,3,3,3,3,3,1,,3
S32,UG,2,2,1,3,3,3,3,3,3,3,3,3,3,3,1,1,1,1,1,3,3,3,3,3,3,3,3,1,3,
S33,UG,1,2,2,3,3,3,3,3,3,3,3,3,3,3,1,1,1,1,2,3,2,2,3,3,2,3,3,1,3,2
S34,UG,2,1,1,3,2,3,3,3,3,3,3,3,3,3,1,1,1,1,1,3,3,3,3,3,3,3,3,1,3,
S35,UG,2,2,1,3,3,3,3,3,3,3,3,3,3,3,2,1,1,1,1,3,3,3,2,2,3,3,3,1,3,
S36,UG,2,3,2,3,3,3,3,2,3,3,2,3,2,2,1,1,2,1,1,3,3,3,2,3,2,3,2,3,3,
S37,UG,1,1,1,3,3,3,3,3,2,3,3,3,2,2,1,1,1,1,1,3,2,3,2,2,2,2,3,2,3,
S38,GR,4,2,3,3,2,3,3,3,1,2,2,3,,1,2,2,3,1,1,3,3,3,2,2,3,3,3,1,,3
S39,GR,3,2,2,2,3,3,3,3,3,3,3,3,3,3,,,,,,,,,,,3,3,3,2,,3
S40,GR,3,1,3,3,3,3,3,3,3,3,3,3,3,2,1,1,1,1,1,3,2,3,2,2,3,3,3,2,,3
S41,UG,2,2,2,3,2,3,2,3,2,3,3,2,3,3,1,1,2,1,1,3,2,3,3,2,3,3,3,2,2,
S42,GR,3,2,2,3,3,3,3,2,3,3,3,3,3,3,1,1,1,1,1,3,3,3,3,3,3,3,3,1,,3
S43,UG,2,2,2,2,3,3,3,3,1,3,2,2,1,2,1,1,1,1,1,3,2,2,2,2,2,2,2,2,3,
S44,UG,2,1,2,3,3,3,3,3,3,3,3,3,3,3,1,1,1,1,1,3,,2,2,2,2,3,2,2,3,
S45,GR,3,2,4,3,3,3,3,3,3,3,3,3,3,3,1,1,1,1,1,3,3,3,3,2,3,3,3,1,,3
