,quiz_introduction,quiz_representation,quiz_training,quiz_adaptation,hw1,hw2,hw3,milestone1,milestone2,milestone3,final_exam
quiz_introduction,1.0,0.21,0.1,0.27,0.18,0.46,0.05,0.06,0.2,0.09,0.17
quiz_representation,0.21,1.0,0.34,0.4,0.31,0.34,0.22,0.32,0.28,0.17,0.33
quiz_training,0.1,0.34,1.0,0.32,0.12,0.05,0.24,0.21,-0.04,0.07,0.3
quiz_adaptation,0.27,0.4,0.32,1.0,0.47,0.06,0.18,0.38,0.07,-0.06,0.11
hw1,0.18,0.31,0.12,0.47,1.0,0.12,0.16,0.25,0.16,0.1,0.36
hw2,0.46,0.34,0.05,0.06,0.12,1.0,0.17,0.42,0.43,0.23,0.45
hw3,0.05,0.22,0.24,0.18,0.16,0.17,1.0,0.31,0.33,0.37,0.25
milestone1,0.06,0.32,0.21,0.38,0.25,0.42,0.31,1.0,0.44,0.21,0.27
milestone2,0.2,0.28,-0.04,0.07,0.16,0.43,0.33,0.44,1.0,0.36,0.15
milestone3,0.09,0.17,0.07,-0.06,0.1,0.23,0.37,0.21,0.36,1.0,0.14
final_exam,0.17,0.33,0.3,0.11,0.36,0.45,0.25,0.27,0.15,0.14,1.0
