assessment,label,n,mean,sd,median,q1,q3,min,max,pct_ge95,pct_at_100
quiz_introduction,Quiz: introduction,45,94.94,7.38,100.0,88.88888888888889,100.0,72.22222222222221,100.0,62.2,62.2
quiz_representation,Quiz: representation,48,94.91,15.71,100.0,100.0,100.0,0.0,100.0,79.2,79.2
quiz_training,Quiz: training & evaluation,49,88.21,18.34,88.88888888888889,88.88888888888889,100.0,0.0,100.0,49.0,49.0
quiz_adaptation,Quiz: adaptation,49,90.93,19.6,100.0,88.88888888888889,100.0,0.0,100.0,69.4,69.4
hw1,Homework 1,49,95.67,7.3,100.0,95.0,100.0,71.0,100.0,79.6,51.0
hw2,Homework 2,49,93.47,14.64,97.0,93.0,99.0,0.0,100.0,67.3,14.3
hw3,Homework 3,49,92.47,19.81,97.0,95.0,100.0,0.0,100.0,75.5,38.8
milestone1,Milestone 1,49,90.12,5.73,91.0,87.0,94.0,70.0,99.0,20.4,0.0
milestone2,Milestone 2,49,95.86,5.4,97.0,95.0,99.0,68.0,100.0,77.6,24.5
milestone3,Milestone 3,49,97.53,3.54,99.0,97.0,100.0,86.0,100.0,85.7,42.9
final_exam,Final exam,48,91.68,10.16,94.58333333333334,86.45833333333334,100.0,50.0,100.0,50.0,29.2
